OrderID,CustomerID,ProductID,Quantity,OrderDate,BranchID
5001,93,67,1,7/16/2025,4
5002,72,54,9,7/2/2025,8
5003,2,51,4,7/11/2025,6
5004,226,74,1,7/3/2025,4
5005,109,10,4,7/23/2025,4
5006,85,40,2,7/6/2025,2
5007,123,56,1,7/1/2025,6
5008,65,32,2,7/27/2025,8
5009,246,44,1,7/8/2025,6
5010,204,31,2,7/17/2025,8
5011,25,58,10,7/25/2025,2
5012,250,8,1,7/3/2025,7
5013,228,9,3,7/11/2025,1
5014,206,57,1,7/30/2025,5
5015,161,56,2,7/20/2025,2
5016,15,72,1,7/22/2025,5
5017,98,52,2,7/28/2025,7
5018,222,77,10,7/8/2025,1
5019,99,60,7,7/15/2025,2
5020,167,4,8,7/11/2025,6
5021,50,14,2,7/19/2025,1
5022,183,9,10,7/20/2025,4
5023,147,17,9,7/29/2025,5
5024,108,62,10,7/12/2025,8
5025,63,18,1,7/6/2025,1
5026,80,75,7,7/5/2025,6
5027,150,70,3,7/10/2025,3
5028,80,78,6,7/16/2025,5
5029,249,2,9,7/12/2025,3
5030,61,65,9,7/2/2025,1
5031,89,26,4,7/14/2025,4
5032,18,44,4,7/26/2025,8
5033,178,60,10,7/23/2025,6
5034,149,73,6,7/28/2025,5
5035,85,21,2,7/14/2025,8
5036,203,6,8,7/29/2025,4
5037,1,29,4,7/30/2025,8
5038,55,31,8,7/20/2025,6
5039,190,49,4,7/26/2025,7
5040,212,1,6,7/6/2025,1
5041,92,4,9,7/3/2025,2
5042,75,57,4,7/5/2025,6
5043,250,4,4,7/2/2025,4
5044,45,29,5,7/10/2025,3
5045,217,71,4,7/11/2025,3
5046,6,23,5,7/7/2025,2
5047,213,18,7,7/1/2025,2
5048,240,27,5,7/11/2025,8
5049,95,48,3,7/8/2025,7
5050,183,9,2,7/29/2025,3
5051,237,17,4,7/29/2025,4
5052,97,48,6,7/18/2025,7
5053,63,6,10,7/21/2025,4
5054,138,38,3,7/28/2025,6
5055,14,36,3,7/8/2025,8
5056,187,11,8,7/7/2025,2
5057,131,50,9,7/6/2025,6
5058,133,60,3,7/16/2025,6
5059,96,68,8,7/23/2025,8
5060,69,75,7,7/16/2025,1
5061,57,26,8,7/7/2025,4
5062,56,40,7,7/13/2025,7
5063,41,48,5,7/19/2025,2
5064,193,11,5,7/5/2025,8
5065,91,30,10,7/17/2025,1
5066,132,80,6,7/15/2025,7
5067,120,56,7,7/15/2025,6
5068,128,41,5,7/26/2025,7
5069,46,57,4,7/1/2025,5
5070,20,46,2,7/21/2025,5
5071,129,66,9,7/27/2025,2
5072,71,30,2,7/26/2025,2
5073,93,5,9,7/3/2025,4
5074,51,43,5,7/11/2025,5
5075,209,36,4,7/24/2025,3
5076,193,70,5,7/28/2025,1
5077,77,37,6,7/25/2025,7
5078,104,75,1,7/31/2025,8
5079,132,20,7,7/21/2025,4
5080,186,27,8,7/8/2025,4
5081,151,71,8,7/17/2025,8
5082,203,11,6,7/11/2025,4
5083,198,54,4,7/14/2025,8
5084,219,72,1,7/15/2025,6
5085,148,17,5,7/5/2025,1
5086,208,46,6,7/16/2025,4
5087,109,52,9,7/14/2025,5
5088,151,3,10,7/11/2025,1
5089,36,20,6,7/30/2025,7
5090,53,51,2,7/13/2025,7
5091,122,14,6,7/7/2025,8
5092,230,39,2,7/21/2025,3
5093,173,71,3,7/4/2025,1
5094,177,78,8,7/27/2025,1
5095,51,9,7,7/6/2025,5
5096,60,38,9,7/7/2025,2
5097,15,48,9,7/15/2025,1
5098,84,53,7,7/6/2025,3
5099,34,69,7,7/4/2025,8
5100,18,50,4,7/24/2025,3
5101,53,40,7,7/28/2025,8
5102,155,74,5,7/6/2025,4
5103,184,59,5,7/17/2025,4
5104,37,58,2,7/1/2025,7
5105,207,32,9,7/20/2025,6
5106,146,63,8,7/30/2025,8
5107,11,12,5,7/19/2025,8
5108,180,39,7,7/12/2025,3
5109,64,23,10,7/14/2025,7
5110,99,24,10,7/15/2025,2
5111,179,6,4,7/13/2025,3
5112,226,69,5,7/9/2025,2
5113,186,28,8,7/23/2025,7
5114,142,16,6,7/25/2025,2
5115,27,65,6,7/25/2025,7
5116,43,33,4,7/15/2025,1
5117,7,10,8,7/15/2025,7
5118,191,52,4,7/11/2025,7
5119,3,33,2,7/2/2025,3
5120,172,60,8,7/11/2025,8
5121,22,71,4,7/3/2025,8
5122,121,36,3,7/5/2025,3
5123,5,78,2,7/27/2025,3
5124,32,69,7,7/10/2025,3
5125,172,2,5,7/3/2025,3
5126,92,23,4,7/15/2025,1
5127,173,69,4,7/29/2025,8
5128,13,67,2,7/23/2025,7
5129,79,57,1,7/23/2025,1
5130,198,49,4,7/2/2025,4
5131,233,31,4,7/12/2025,2
5132,108,4,1,7/1/2025,6
5133,50,9,4,7/27/2025,2
5134,214,22,3,7/26/2025,1
5135,132,14,6,7/14/2025,6
5136,161,25,10,7/18/2025,4
5137,139,51,7,7/30/2025,2
5138,55,14,6,7/8/2025,6
5139,4,52,6,7/6/2025,1
5140,55,59,4,7/13/2025,2
5141,209,36,10,7/22/2025,6
5142,18,28,7,7/2/2025,5
5143,154,64,2,7/25/2025,3
5144,246,13,10,7/9/2025,6
5145,179,50,3,7/21/2025,6
5146,163,41,8,7/6/2025,2
5147,5,78,10,7/11/2025,8
5148,131,30,9,7/13/2025,1
5149,6,79,2,7/8/2025,5
5150,189,55,4,7/8/2025,2
5151,36,48,8,7/2/2025,5
5152,39,49,4,7/7/2025,1
5153,237,77,8,7/8/2025,6
5154,72,41,1,7/5/2025,7
5155,209,37,1,7/21/2025,4
5156,188,43,6,7/28/2025,4
5157,139,7,4,7/7/2025,4
5158,224,49,9,7/20/2025,6
5159,114,1,2,7/6/2025,8
5160,245,25,1,7/3/2025,3
5161,53,17,2,7/31/2025,3
5162,141,27,4,7/19/2025,2
5163,186,60,5,7/14/2025,3
5164,51,32,7,7/24/2025,3
5165,64,39,5,7/20/2025,8
5166,163,26,5,7/31/2025,8
5167,244,47,7,7/3/2025,7
5168,121,57,7,7/6/2025,7
5169,40,62,1,7/25/2025,7
5170,219,11,5,7/14/2025,3
5171,187,23,5,7/18/2025,7
5172,79,59,5,7/15/2025,7
5173,156,62,2,7/18/2025,6
5174,184,61,4,7/5/2025,3
5175,49,1,1,7/30/2025,6
5176,104,54,7,7/16/2025,6
5177,126,40,10,7/13/2025,2
5178,227,5,2,7/14/2025,7
5179,145,21,4,7/30/2025,7
5180,66,45,9,7/31/2025,8
5181,177,48,1,7/21/2025,7
5182,109,32,4,7/30/2025,8
5183,236,47,1,7/2/2025,3
5184,155,59,3,7/9/2025,5
5185,155,75,3,7/8/2025,1
5186,198,12,7,7/4/2025,7
5187,151,11,9,7/23/2025,4
5188,109,22,7,7/29/2025,5
5189,78,65,9,7/23/2025,7
5190,79,53,2,7/19/2025,2
5191,147,45,3,7/21/2025,5
5192,54,51,5,7/24/2025,1
5193,209,63,1,7/6/2025,2
5194,199,54,9,7/3/2025,7
5195,74,56,3,7/21/2025,3
5196,48,18,4,7/12/2025,8
5197,129,15,8,7/6/2025,4
5198,52,8,3,7/6/2025,4
5199,231,53,8,7/9/2025,2
5200,163,22,2,7/28/2025,5
5201,97,16,5,7/3/2025,2
5202,8,75,4,7/11/2025,8
5203,173,13,1,7/16/2025,1
5204,193,1,10,7/9/2025,1
5205,55,67,1,7/4/2025,7
5206,134,35,8,7/20/2025,8
5207,87,78,7,7/25/2025,6
5208,175,44,6,7/12/2025,4
5209,93,52,7,7/31/2025,1
5210,224,43,2,7/12/2025,1
5211,223,52,3,7/15/2025,1
5212,32,68,5,7/20/2025,4
5213,116,80,8,7/12/2025,7
5214,49,1,6,7/22/2025,1
5215,93,6,6,7/21/2025,8
5216,156,63,7,7/8/2025,2
5217,110,61,2,7/12/2025,7
5218,156,25,3,7/10/2025,1
5219,128,12,5,7/5/2025,8
5220,230,58,2,7/6/2025,8
5221,139,31,4,7/22/2025,4
5222,193,12,2,7/6/2025,7
5223,8,21,6,7/23/2025,7
5224,72,29,5,7/25/2025,8
5225,230,16,3,7/31/2025,8
5226,204,43,4,7/3/2025,2
5227,88,49,7,7/21/2025,7
5228,60,29,5,7/26/2025,2
5229,23,15,2,7/10/2025,6
5230,152,25,2,7/24/2025,6
5231,219,41,7,7/5/2025,1
5232,16,76,9,7/10/2025,4
5233,100,55,6,7/28/2025,6
5234,174,17,9,7/26/2025,4
5235,102,2,9,7/4/2025,8
5236,38,38,4,7/11/2025,8
5237,117,19,10,7/22/2025,5
5238,192,5,10,7/5/2025,6
5239,129,16,5,7/10/2025,8
5240,213,28,8,7/21/2025,5
5241,248,49,1,7/23/2025,6
5242,212,27,4,7/5/2025,1
5243,222,23,8,7/30/2025,7
5244,209,21,1,7/10/2025,7
5245,109,61,6,7/11/2025,7
5246,19,68,5,7/13/2025,5
5247,237,25,9,7/23/2025,7
5248,34,42,10,7/4/2025,1
5249,240,39,8,7/28/2025,3
5250,36,57,8,7/19/2025,5
5251,38,27,4,7/29/2025,4
5252,167,2,6,7/24/2025,2
5253,202,19,7,7/22/2025,7
5254,216,22,1,7/22/2025,2
5255,250,61,3,7/12/2025,1
5256,132,44,10,7/4/2025,7
5257,161,52,4,7/5/2025,1
5258,62,51,8,7/4/2025,5
5259,153,23,7,7/23/2025,2
5260,119,49,5,7/25/2025,8
5261,3,16,2,7/12/2025,2
5262,126,66,4,7/4/2025,1
5263,147,74,8,7/19/2025,5
5264,191,13,10,7/23/2025,3
5265,124,56,5,7/13/2025,3
5266,84,9,9,7/4/2025,3
5267,209,3,7,7/13/2025,8
5268,133,75,9,7/3/2025,2
5269,193,27,2,7/25/2025,3
5270,154,24,1,7/28/2025,8
5271,81,16,1,7/26/2025,3
5272,53,21,2,7/19/2025,5
5273,193,5,2,7/28/2025,2
5274,77,47,9,7/17/2025,3
5275,242,1,4,7/14/2025,5
5276,243,67,5,7/2/2025,8
5277,148,63,6,7/5/2025,6
5278,138,66,4,7/20/2025,2
5279,210,6,4,7/22/2025,1
5280,37,39,4,7/7/2025,3
5281,142,28,10,7/20/2025,6
5282,33,80,7,7/9/2025,2
5283,66,34,7,7/18/2025,3
5284,117,11,5,7/13/2025,7
5285,178,19,9,7/31/2025,4
5286,162,35,4,7/3/2025,6
5287,169,66,10,7/19/2025,3
5288,211,20,6,7/14/2025,7
5289,7,78,4,7/13/2025,2
5290,32,69,2,7/9/2025,7
5291,85,12,6,7/3/2025,6
5292,70,19,4,7/25/2025,5
5293,26,49,4,7/1/2025,7
5294,27,16,3,7/31/2025,5
5295,211,63,2,7/19/2025,6
5296,147,37,9,7/23/2025,5
5297,26,7,3,7/20/2025,6
5298,193,50,3,7/31/2025,6
5299,190,69,9,7/26/2025,7
5300,152,17,5,7/16/2025,1
5301,132,20,3,7/22/2025,3
5302,146,35,1,7/13/2025,6
5303,200,32,10,7/23/2025,7
5304,118,24,8,7/23/2025,6
5305,120,65,5,7/26/2025,5
5306,110,67,4,7/31/2025,5
5307,220,12,5,7/21/2025,7
5308,81,12,2,7/25/2025,2
5309,62,12,3,7/24/2025,1
5310,191,37,9,7/3/2025,8
5311,224,2,7,7/26/2025,3
5312,128,66,9,7/16/2025,2
5313,4,79,4,7/13/2025,1
5314,109,69,6,7/23/2025,4
5315,170,68,10,7/24/2025,1
5316,115,22,9,7/20/2025,4
5317,20,47,3,7/6/2025,6
5318,14,55,8,7/31/2025,7
5319,96,15,6,7/6/2025,4
5320,139,16,5,7/27/2025,5
5321,76,34,4,7/16/2025,1
5322,162,73,7,7/24/2025,4
5323,79,66,1,7/30/2025,8
5324,159,63,1,7/29/2025,6
5325,158,59,6,7/1/2025,5
5326,28,1,6,7/12/2025,3
5327,91,2,2,7/13/2025,7
5328,51,11,9,7/16/2025,3
5329,32,63,1,7/14/2025,3
5330,169,33,4,7/25/2025,8
5331,96,39,6,7/13/2025,7
5332,47,69,5,7/29/2025,2
5333,169,57,3,7/15/2025,3
5334,192,56,1,7/12/2025,6
5335,223,26,2,7/29/2025,4
5336,11,18,7,7/10/2025,7
5337,85,5,3,7/24/2025,4
5338,123,35,2,7/31/2025,7
5339,141,64,3,7/16/2025,6
5340,196,52,9,7/25/2025,7
5341,29,14,1,7/5/2025,3
5342,89,65,1,7/5/2025,4
5343,174,44,7,7/2/2025,1
5344,123,38,5,7/14/2025,8
5345,195,55,4,7/3/2025,3
5346,131,24,4,7/24/2025,5
5347,30,34,4,7/25/2025,7
5348,122,14,9,7/7/2025,3
5349,219,76,3,7/7/2025,4
5350,34,52,1,7/4/2025,5
5351,238,19,7,7/7/2025,1
5352,52,12,1,7/20/2025,7
5353,135,40,4,7/14/2025,4
5354,110,62,1,7/11/2025,7
5355,14,39,2,7/21/2025,5
5356,72,45,7,7/12/2025,4
5357,230,7,3,7/11/2025,1
5358,14,42,4,7/1/2025,5
5359,72,78,2,7/16/2025,7
5360,65,63,6,7/6/2025,6
5361,29,13,1,7/10/2025,3
5362,93,47,10,7/11/2025,6
5363,167,36,4,7/8/2025,7
5364,228,14,3,7/3/2025,2
5365,151,25,4,7/2/2025,8
5366,26,10,9,7/30/2025,6
5367,186,61,4,7/10/2025,3
5368,33,25,7,7/2/2025,5
5369,225,72,6,7/29/2025,6
5370,162,16,7,7/15/2025,2
5371,108,68,9,7/16/2025,1
5372,154,36,3,7/6/2025,5
5373,245,73,1,7/2/2025,4
5374,209,51,8,7/24/2025,2
5375,113,66,7,7/6/2025,7
5376,156,35,4,7/13/2025,3
5377,41,74,4,7/1/2025,1
5378,238,66,8,7/29/2025,5
5379,219,29,5,7/10/2025,5
5380,31,22,4,7/18/2025,1
5381,61,38,1,7/18/2025,3
5382,227,36,3,7/31/2025,5
5383,203,7,4,7/28/2025,4
5384,30,1,6,7/18/2025,6
5385,22,71,5,7/11/2025,3
5386,230,79,5,7/14/2025,6
5387,161,2,6,7/2/2025,4
5388,248,36,3,7/24/2025,5
5389,138,75,2,7/1/2025,7
5390,168,33,10,7/31/2025,4
5391,114,29,6,7/27/2025,5
5392,149,51,3,7/7/2025,8
5393,187,56,6,7/8/2025,3
5394,123,12,8,7/29/2025,3
5395,48,23,4,7/15/2025,8
5396,187,24,5,7/31/2025,1
5397,42,23,7,7/10/2025,4
5398,37,10,7,7/3/2025,4
5399,233,52,2,7/15/2025,3
5400,193,2,10,7/24/2025,2
5401,99,3,2,7/13/2025,1
5402,213,6,3,7/25/2025,4
5403,22,35,3,7/25/2025,1
5404,248,2,2,7/26/2025,6
5405,182,11,4,7/28/2025,3
5406,195,73,8,7/16/2025,3
5407,85,62,3,7/10/2025,4
5408,140,35,9,7/2/2025,2
5409,212,6,2,7/1/2025,5
5410,131,54,3,7/4/2025,1
5411,58,4,4,7/30/2025,7
5412,38,46,5,7/13/2025,4
5413,226,50,2,7/30/2025,8
5414,29,29,2,7/6/2025,5
5415,20,79,6,7/12/2025,2
5416,237,11,1,7/12/2025,3
5417,110,68,6,7/6/2025,3
5418,109,20,5,7/22/2025,5
5419,225,14,5,7/12/2025,8
5420,95,34,2,7/22/2025,1
5421,239,20,3,7/28/2025,6
5422,100,58,8,7/5/2025,2
5423,148,55,5,7/4/2025,3
5424,83,17,3,7/3/2025,7
5425,82,64,7,7/12/2025,8
5426,250,53,10,7/23/2025,6
5427,206,32,7,7/5/2025,7
5428,128,69,9,7/18/2025,8
5429,138,30,7,7/18/2025,2
5430,184,54,9,7/19/2025,4
5431,23,31,6,7/23/2025,1
5432,218,3,6,7/7/2025,8
5433,35,15,1,7/31/2025,6
5434,218,18,5,7/12/2025,8
5435,214,71,7,7/5/2025,4
5436,212,29,1,7/7/2025,3
5437,247,19,7,7/4/2025,1
5438,248,55,6,7/23/2025,1
5439,28,75,2,7/23/2025,8
5440,153,21,1,7/27/2025,3
5441,37,11,4,7/12/2025,2
5442,146,54,3,7/1/2025,3
5443,191,18,9,7/16/2025,5
5444,106,44,8,7/16/2025,1
5445,29,20,1,7/10/2025,1
5446,193,23,9,7/20/2025,3
5447,102,55,8,7/1/2025,5
5448,147,65,5,7/30/2025,4
5449,239,21,5,7/14/2025,2
5450,97,17,4,7/17/2025,7
5451,15,29,7,7/20/2025,3
5452,191,72,10,7/27/2025,2
5453,178,60,8,7/27/2025,6
5454,165,52,7,7/21/2025,3
5455,206,48,7,7/2/2025,4
5456,28,14,2,7/9/2025,6
5457,200,43,1,7/20/2025,4
5458,42,70,2,7/10/2025,2
5459,153,2,5,7/7/2025,4
5460,52,5,4,7/18/2025,5
5461,146,73,1,7/3/2025,8
5462,13,41,2,7/2/2025,5
5463,92,37,7,7/1/2025,4
5464,193,51,6,7/11/2025,3
5465,173,13,6,7/23/2025,7
5466,190,65,2,7/29/2025,3
5467,151,49,8,7/1/2025,1
5468,42,20,8,7/10/2025,2
5469,161,12,4,7/29/2025,4
5470,175,19,3,7/26/2025,6
5471,202,17,6,7/15/2025,5
5472,160,56,1,7/12/2025,7
5473,54,79,10,7/8/2025,2
5474,40,73,8,7/31/2025,2
5475,4,19,5,7/26/2025,2
5476,25,59,6,7/16/2025,3
5477,76,21,2,7/30/2025,5
5478,94,46,2,7/19/2025,2
5479,182,59,5,7/6/2025,8
5480,196,57,3,7/9/2025,2
5481,125,6,6,7/19/2025,5
5482,105,80,3,7/13/2025,8
5483,132,80,6,7/12/2025,6
5484,175,53,9,7/3/2025,8
5485,225,6,10,7/9/2025,1
5486,203,32,9,7/24/2025,1
5487,219,14,5,7/5/2025,7
5488,146,52,2,7/6/2025,4
5489,224,60,2,7/13/2025,6
5490,120,69,8,7/15/2025,2
5491,47,14,7,7/3/2025,7
5492,103,43,2,7/7/2025,6
5493,155,63,4,7/11/2025,8
5494,72,59,1,7/4/2025,3
5495,121,19,4,7/31/2025,6
5496,9,77,7,7/19/2025,1
5497,207,47,7,7/30/2025,8
5498,14,28,1,7/7/2025,7
5499,65,23,2,7/9/2025,3
5500,71,52,2,7/3/2025,5
5501,183,58,7,7/28/2025,4
5502,229,34,3,7/22/2025,1
5503,230,55,6,7/3/2025,5
5504,51,45,7,7/6/2025,8
5505,138,21,7,7/16/2025,6
5506,178,74,7,7/30/2025,1
5507,201,77,4,7/18/2025,2
5508,171,75,10,7/24/2025,3
5509,171,41,1,7/11/2025,3
5510,118,19,8,7/29/2025,6
5511,203,53,5,7/4/2025,1
5512,242,17,8,7/15/2025,2
5513,56,25,7,7/2/2025,3
5514,97,28,6,7/20/2025,4
5515,49,74,1,7/31/2025,6
5516,94,3,5,7/27/2025,5
5517,210,16,8,7/17/2025,8
5518,106,46,6,7/14/2025,7
5519,250,43,2,7/17/2025,3
5520,110,48,3,7/15/2025,3
5521,112,49,5,7/18/2025,7
5522,73,80,2,7/21/2025,2
5523,215,14,2,7/26/2025,1
5524,239,53,2,7/20/2025,8
5525,193,80,9,7/24/2025,2
5526,114,65,10,7/21/2025,1
5527,75,54,4,7/22/2025,4
5528,117,71,7,7/25/2025,2
5529,220,61,2,7/7/2025,6
5530,204,60,7,7/31/2025,7
5531,241,48,4,7/1/2025,5
5532,226,34,5,7/9/2025,7
5533,62,1,7,7/22/2025,1
5534,7,20,6,7/1/2025,6
5535,44,74,7,7/11/2025,4
5536,250,51,4,7/18/2025,7
5537,14,74,7,7/27/2025,3
5538,163,50,3,7/31/2025,7
5539,82,67,3,7/29/2025,7
5540,26,17,9,7/8/2025,2
5541,148,51,5,7/21/2025,3
5542,83,27,2,7/31/2025,2
5543,112,2,10,7/1/2025,3
5544,159,70,2,7/1/2025,7
5545,191,17,8,7/1/2025,6
5546,62,29,5,7/6/2025,4
5547,216,32,7,7/18/2025,5
5548,14,36,2,7/22/2025,3
5549,6,75,2,7/21/2025,2
5550,238,77,2,7/15/2025,2
5551,73,34,3,7/5/2025,2
5552,127,47,4,7/3/2025,7
5553,126,3,7,7/4/2025,2
5554,246,10,4,7/16/2025,7
5555,228,41,8,7/13/2025,3
5556,77,2,3,7/6/2025,1
5557,250,44,6,7/4/2025,8
5558,154,70,1,7/20/2025,3
5559,190,33,2,7/17/2025,4
5560,8,69,1,7/20/2025,3
5561,222,47,2,7/7/2025,4
5562,84,18,4,7/1/2025,2
5563,178,17,5,7/24/2025,5
5564,52,12,6,7/16/2025,5
5565,191,64,7,7/15/2025,7
5566,50,33,3,7/30/2025,4
5567,217,36,7,7/22/2025,2
5568,204,76,5,7/19/2025,3
5569,53,63,7,7/26/2025,8
5570,153,35,6,7/14/2025,2
5571,99,55,4,7/20/2025,6
5572,230,9,8,7/12/2025,3
5573,9,66,5,7/29/2025,7
5574,155,68,6,7/10/2025,7
5575,30,24,6,7/1/2025,7
5576,48,46,4,7/26/2025,2
5577,169,48,6,7/7/2025,3
5578,81,16,1,7/25/2025,6
5579,3,43,4,7/23/2025,8
5580,204,42,4,7/19/2025,2
5581,73,78,4,7/13/2025,4
5582,144,36,10,7/4/2025,2
5583,229,54,7,7/19/2025,6
5584,82,26,4,7/27/2025,1
5585,127,64,1,7/26/2025,5
5586,31,16,8,7/14/2025,3
5587,84,76,7,7/20/2025,4
5588,6,37,1,7/19/2025,1
5589,119,37,3,7/30/2025,7
5590,230,69,9,7/2/2025,1
5591,166,3,2,7/11/2025,8
5592,213,54,5,7/4/2025,5
5593,193,45,7,7/11/2025,2
5594,199,41,8,7/18/2025,1
5595,77,59,8,7/13/2025,2
5596,96,80,2,7/27/2025,1
5597,13,2,3,7/8/2025,2
5598,221,56,4,7/11/2025,3
5599,49,48,9,7/3/2025,1
5600,177,7,5,7/30/2025,1
5601,13,39,2,7/4/2025,5
5602,177,79,7,7/11/2025,5
5603,44,18,10,7/23/2025,8
5604,33,41,3,7/4/2025,7
5605,115,16,9,7/21/2025,4
5606,123,63,5,7/19/2025,6
5607,188,62,4,7/25/2025,2
5608,197,38,2,7/9/2025,6
5609,214,32,4,7/18/2025,2
5610,249,64,1,7/3/2025,4
5611,172,28,8,7/1/2025,7
5612,125,14,6,7/7/2025,4
5613,152,68,9,7/27/2025,6
5614,242,40,8,7/25/2025,3
5615,130,14,3,7/28/2025,4
5616,94,50,8,7/30/2025,4
5617,103,25,2,7/25/2025,5
5618,43,40,10,7/14/2025,2
5619,119,14,2,7/5/2025,4
5620,229,59,3,7/1/2025,5
5621,122,68,8,7/1/2025,6
5622,31,71,2,7/9/2025,6
5623,55,20,7,7/14/2025,7
5624,86,7,8,7/17/2025,5
5625,26,7,7,7/12/2025,7
5626,76,25,7,7/7/2025,3
5627,71,68,10,7/20/2025,8
5628,111,14,1,7/17/2025,4
5629,29,29,2,7/31/2025,1
5630,10,74,5,7/29/2025,4
5631,137,13,5,7/3/2025,4
5632,159,52,7,7/29/2025,7
5633,57,35,8,7/4/2025,4
5634,202,27,6,7/6/2025,5
5635,153,37,1,7/23/2025,2
5636,129,80,8,7/6/2025,5
5637,233,31,3,7/28/2025,6
5638,18,22,3,7/22/2025,6
5639,117,19,1,7/29/2025,8
5640,86,3,3,7/14/2025,5
5641,20,22,1,7/29/2025,6
5642,150,1,8,7/16/2025,4
5643,29,6,1,7/16/2025,5
5644,59,68,9,7/27/2025,3
5645,38,13,2,7/25/2025,5
5646,189,43,8,7/26/2025,8
5647,90,70,5,7/24/2025,8
5648,94,59,1,7/9/2025,6
5649,182,43,9,7/10/2025,8
5650,70,67,1,7/4/2025,3
5651,220,29,3,7/14/2025,6
5652,8,32,10,7/16/2025,7
5653,53,12,4,7/12/2025,7
5654,28,36,9,7/21/2025,8
5655,225,68,3,7/31/2025,5
5656,174,45,6,7/30/2025,7
5657,107,36,5,7/19/2025,4
5658,149,67,6,7/2/2025,2
5659,204,59,10,7/14/2025,6
5660,29,2,8,7/10/2025,3
5661,175,20,9,7/15/2025,5
5662,143,21,5,7/20/2025,8
5663,17,38,1,7/10/2025,8
5664,56,37,10,7/2/2025,2
5665,126,40,1,7/2/2025,7
5666,170,1,1,7/12/2025,5
5667,90,37,9,7/5/2025,3
5668,23,35,3,7/31/2025,4
5669,150,11,5,7/14/2025,4
5670,122,46,4,7/2/2025,7
5671,103,13,5,7/14/2025,5
5672,80,23,10,7/20/2025,7
5673,225,42,10,7/22/2025,3
5674,197,26,5,7/22/2025,3
5675,142,26,5,7/14/2025,5
5676,77,73,8,7/3/2025,3
5677,201,56,2,7/13/2025,3
5678,114,41,9,7/17/2025,6
5679,91,55,8,7/15/2025,7
5680,106,60,1,7/31/2025,1
5681,197,54,2,7/31/2025,3
5682,233,39,4,7/20/2025,6
5683,159,70,10,7/5/2025,5
5684,194,51,3,7/2/2025,7
5685,2,60,9,7/22/2025,8
5686,14,11,1,7/27/2025,5
5687,167,14,6,7/27/2025,2
5688,75,73,8,7/27/2025,6
5689,16,16,10,7/28/2025,1
5690,53,67,3,7/23/2025,8
5691,58,20,5,7/5/2025,5
5692,240,1,8,7/24/2025,4
5693,18,1,3,7/4/2025,2
5694,25,32,4,7/17/2025,2
5695,7,65,8,7/16/2025,7
5696,238,16,5,7/2/2025,7
5697,48,31,9,7/16/2025,5
5698,157,57,10,7/27/2025,2
5699,38,3,3,7/14/2025,3
5700,191,31,3,7/27/2025,4
5701,123,38,5,7/16/2025,2
5702,151,64,6,7/31/2025,5
5703,99,14,8,7/13/2025,7
5704,109,19,1,7/27/2025,5
5705,31,73,7,7/15/2025,1
5706,78,5,10,7/19/2025,8
5707,233,46,3,7/2/2025,8
5708,186,59,5,7/29/2025,1
5709,92,65,9,7/6/2025,4
5710,232,68,7,7/12/2025,2
5711,168,20,6,7/6/2025,6
5712,184,18,5,7/15/2025,5
5713,101,9,8,7/30/2025,7
5714,121,78,3,7/31/2025,5
5715,179,42,10,7/5/2025,6
5716,159,52,2,7/19/2025,1
5717,219,21,4,7/1/2025,2
5718,28,64,8,7/22/2025,6
5719,60,31,2,7/25/2025,3
5720,229,50,7,7/24/2025,2
5721,157,33,2,7/2/2025,1
5722,192,10,8,7/28/2025,6
5723,162,4,3,7/20/2025,6
5724,179,58,7,7/4/2025,3
5725,147,72,4,7/21/2025,4
5726,126,57,5,7/9/2025,4
5727,190,21,7,7/7/2025,4
5728,150,4,2,7/3/2025,4
5729,208,18,1,7/2/2025,6
5730,105,73,9,7/25/2025,2
5731,48,68,8,7/11/2025,4
5732,54,74,8,7/27/2025,6
5733,159,72,3,7/12/2025,2
5734,110,49,2,7/15/2025,2
5735,201,67,5,7/5/2025,2
5736,128,30,1,7/4/2025,6
5737,58,38,5,7/1/2025,7
5738,92,9,3,7/23/2025,5
5739,137,74,4,7/3/2025,5
5740,159,8,9,7/13/2025,2
5741,121,34,1,7/19/2025,1
5742,108,34,4,7/11/2025,6
5743,196,8,3,7/29/2025,4
5744,210,43,1,7/18/2025,4
5745,19,73,10,7/16/2025,1
5746,19,54,10,7/12/2025,2
5747,142,62,3,7/29/2025,5
5748,11,14,1,7/24/2025,8
5749,58,45,7,7/17/2025,8
5750,201,30,1,7/10/2025,1
5751,199,26,9,7/1/2025,7
5752,176,3,9,7/22/2025,8
5753,100,49,3,7/2/2025,7
5754,110,71,3,7/23/2025,2
5755,31,79,6,7/15/2025,6
5756,88,56,1,7/7/2025,4
5757,24,76,1,7/8/2025,4
5758,192,69,10,7/14/2025,1
5759,4,32,1,7/26/2025,2
5760,33,57,3,7/2/2025,5
5761,81,45,10,7/2/2025,4
5762,34,78,7,7/10/2025,8
5763,32,10,2,7/22/2025,5
5764,140,27,8,7/31/2025,6
5765,235,29,8,7/29/2025,5
5766,94,71,5,7/31/2025,4
5767,229,35,6,7/17/2025,2
5768,89,53,10,7/2/2025,8
5769,21,27,3,7/9/2025,4
5770,190,71,4,7/10/2025,2
5771,186,19,1,7/12/2025,4
5772,113,59,2,7/23/2025,1
5773,215,5,5,7/16/2025,5
5774,99,39,2,7/19/2025,1
5775,219,79,7,7/9/2025,8
5776,221,49,7,7/1/2025,8
5777,58,27,7,7/2/2025,3
5778,111,69,1,7/22/2025,5
5779,139,45,1,7/2/2025,6
5780,213,34,10,7/30/2025,4
5781,8,44,10,7/25/2025,7
5782,110,8,2,7/28/2025,7
5783,185,37,9,7/31/2025,8
5784,147,73,9,7/14/2025,5
5785,246,49,8,7/6/2025,4
5786,233,2,5,7/5/2025,5
5787,64,70,5,7/3/2025,6
5788,102,5,10,7/19/2025,5
5789,69,33,10,7/12/2025,1
5790,79,73,6,7/4/2025,5
5791,46,57,8,7/28/2025,1
5792,3,60,1,7/15/2025,6
5793,164,72,4,7/16/2025,7
5794,149,11,5,7/2/2025,6
5795,17,57,3,7/31/2025,5
5796,202,36,5,7/25/2025,8
5797,59,23,3,7/5/2025,1
5798,30,5,3,7/8/2025,8
5799,82,6,9,7/19/2025,4
5800,244,34,5,7/2/2025,1
5801,217,46,9,7/22/2025,1
5802,61,45,2,7/20/2025,2
5803,114,15,9,7/17/2025,2
5804,53,42,10,7/8/2025,6
5805,211,54,2,7/27/2025,7
5806,73,19,1,7/29/2025,6
5807,202,47,6,7/20/2025,7
5808,167,48,8,7/29/2025,5
5809,8,21,6,7/20/2025,1
5810,239,20,10,7/10/2025,1
5811,156,28,6,7/4/2025,6
5812,56,49,10,7/31/2025,1
5813,186,20,7,7/22/2025,2
5814,20,29,10,7/31/2025,7
5815,188,16,9,7/18/2025,1
5816,121,68,9,7/20/2025,8
5817,69,25,10,7/11/2025,5
5818,63,43,4,7/30/2025,6
5819,117,41,2,7/8/2025,4
5820,188,53,6,7/15/2025,2
5821,144,65,2,7/12/2025,6
5822,124,78,4,7/21/2025,8
5823,108,30,10,7/26/2025,3
5824,138,32,7,7/30/2025,3
5825,67,37,6,7/20/2025,6
5826,21,53,7,7/4/2025,3
5827,127,26,3,7/19/2025,8
5828,43,16,7,7/1/2025,5
5829,142,61,2,7/25/2025,3
5830,9,56,1,7/28/2025,3
5831,34,66,9,7/3/2025,7
5832,109,46,3,7/29/2025,7
5833,143,31,5,7/23/2025,2
5834,230,44,10,7/11/2025,2
5835,12,10,6,7/24/2025,8
5836,105,58,7,7/30/2025,5
5837,123,18,3,7/25/2025,2
5838,230,1,10,7/5/2025,6
5839,167,59,7,7/22/2025,6
5840,46,66,10,7/15/2025,5
5841,198,13,4,7/31/2025,5
5842,88,7,10,7/16/2025,7
5843,83,50,6,7/10/2025,3
5844,37,6,4,7/31/2025,7
5845,72,74,10,7/17/2025,6
5846,89,37,3,7/4/2025,2
5847,71,63,8,7/10/2025,4
5848,44,37,5,7/29/2025,2
5849,60,36,3,7/30/2025,2
5850,142,66,3,7/7/2025,1
5851,232,6,9,7/20/2025,4
5852,126,4,6,7/1/2025,4
5853,242,74,7,7/10/2025,8
5854,33,59,5,7/17/2025,2
5855,181,16,8,7/23/2025,7
5856,68,12,3,7/16/2025,5
5857,172,15,6,7/24/2025,2
5858,204,29,2,7/24/2025,6
5859,130,43,5,7/6/2025,8
5860,189,66,2,7/21/2025,6
5861,237,5,7,7/29/2025,2
5862,181,67,6,7/30/2025,4
5863,143,5,1,7/27/2025,4
5864,151,49,4,7/5/2025,4
5865,121,20,8,7/9/2025,3
5866,128,37,3,7/24/2025,4
5867,225,12,9,7/21/2025,4
5868,112,9,8,7/1/2025,4
5869,46,5,7,7/23/2025,5
5870,98,75,4,7/20/2025,6
5871,136,24,5,7/16/2025,4
5872,75,63,8,7/29/2025,7
5873,92,70,8,7/20/2025,5
5874,57,15,5,7/4/2025,7
5875,84,32,7,7/15/2025,2
5876,119,41,2,7/6/2025,6
5877,102,17,8,7/23/2025,8
5878,106,31,1,7/20/2025,5
5879,130,28,7,7/9/2025,1
5880,198,42,5,7/18/2025,6
5881,101,57,7,7/14/2025,7
5882,234,7,5,7/9/2025,8
5883,57,44,1,7/24/2025,5
5884,105,29,10,7/15/2025,3
5885,53,15,10,7/18/2025,6
5886,155,70,1,7/5/2025,1
5887,98,12,6,7/26/2025,6
5888,197,71,2,7/25/2025,1
5889,54,47,9,7/17/2025,4
5890,215,69,7,7/6/2025,4
5891,206,21,6,7/10/2025,6
5892,56,71,4,7/14/2025,1
5893,217,3,9,7/2/2025,2
5894,102,63,1,7/17/2025,3
5895,78,4,4,7/10/2025,4
5896,70,16,7,7/2/2025,7
5897,210,35,2,7/5/2025,2
5898,130,54,1,7/3/2025,1
5899,213,70,10,7/24/2025,3
5900,189,76,7,7/4/2025,4
5901,156,40,6,7/27/2025,7
5902,191,3,5,7/17/2025,5
5903,52,13,5,7/15/2025,8
5904,75,55,2,7/13/2025,4
5905,105,72,5,7/31/2025,8
5906,233,69,9,7/10/2025,4
5907,5,64,7,7/13/2025,6
5908,140,14,8,7/25/2025,4
5909,250,4,7,7/19/2025,4
5910,95,62,10,7/15/2025,2
5911,80,43,3,7/21/2025,2
5912,144,22,4,7/4/2025,8
5913,64,11,3,7/19/2025,7
5914,215,61,9,7/20/2025,4
5915,197,64,5,7/2/2025,7
5916,190,44,3,7/10/2025,1
5917,177,73,10,7/11/2025,7
5918,2,35,4,7/28/2025,8
5919,128,41,4,7/18/2025,6
5920,182,62,9,7/15/2025,2
5921,27,55,2,7/30/2025,7
5922,194,2,3,7/5/2025,2
5923,51,57,2,7/6/2025,1
5924,109,64,3,7/29/2025,8
5925,192,71,7,7/5/2025,7
5926,76,16,7,7/1/2025,5
5927,237,35,9,7/24/2025,6
5928,228,48,10,7/20/2025,3
5929,75,67,4,7/5/2025,6
5930,155,33,8,7/17/2025,8
5931,240,43,3,7/7/2025,3
5932,184,61,1,7/17/2025,6
5933,46,20,8,7/14/2025,2
5934,80,25,4,7/1/2025,2
5935,118,43,2,7/18/2025,1
5936,120,77,3,7/20/2025,2
5937,163,72,4,7/12/2025,6
5938,4,25,5,7/21/2025,5
5939,234,55,10,7/27/2025,5
5940,160,52,5,7/12/2025,4
5941,152,20,2,7/3/2025,4
5942,46,34,10,7/9/2025,2
5943,205,67,10,7/5/2025,7
5944,148,76,10,7/11/2025,5
5945,207,79,8,7/31/2025,4
5946,1,30,4,7/6/2025,2
5947,206,79,3,7/30/2025,3
5948,122,1,6,7/6/2025,2
5949,249,7,3,7/29/2025,8
5950,171,61,6,7/14/2025,5
5951,195,16,4,7/17/2025,7
5952,199,50,8,7/13/2025,6
5953,215,67,6,7/10/2025,2
5954,155,28,3,7/29/2025,5
5955,37,56,9,7/23/2025,8
5956,178,33,2,7/16/2025,7
5957,90,23,1,7/21/2025,6
5958,120,45,7,7/28/2025,4
5959,144,25,7,7/20/2025,6
5960,239,2,4,7/6/2025,8
5961,135,25,1,7/12/2025,5
5962,25,48,5,7/11/2025,1
5963,70,5,5,7/20/2025,8
5964,12,33,5,7/13/2025,1
5965,211,4,8,7/19/2025,8
5966,45,61,9,7/16/2025,2
5967,95,4,10,7/2/2025,3
5968,189,23,3,7/23/2025,2
5969,214,16,1,7/14/2025,8
5970,182,8,6,7/21/2025,2
5971,140,36,4,7/28/2025,1
5972,215,41,3,7/11/2025,6
5973,4,52,7,7/17/2025,1
5974,50,65,3,7/3/2025,5
5975,45,57,1,7/3/2025,5
5976,51,65,7,7/20/2025,3
5977,192,1,5,7/21/2025,5
5978,90,16,6,7/18/2025,8
5979,215,12,10,7/19/2025,8
5980,30,12,3,7/3/2025,2
5981,82,76,1,7/6/2025,3
5982,3,28,6,7/26/2025,8
5983,225,32,5,7/3/2025,4
5984,194,17,5,7/24/2025,1
5985,181,37,3,7/13/2025,5
5986,145,41,7,7/5/2025,4
5987,49,35,4,7/27/2025,3
5988,67,57,5,7/10/2025,2
5989,91,75,6,7/16/2025,6
5990,165,67,8,7/25/2025,3
5991,244,75,7,7/2/2025,3
5992,146,27,7,7/18/2025,6
5993,208,37,4,7/21/2025,6
5994,248,65,9,7/23/2025,5
5995,132,27,5,7/3/2025,4
5996,67,5,2,7/15/2025,3
5997,36,60,10,7/16/2025,6
5998,145,49,10,7/12/2025,1
5999,180,14,6,7/11/2025,1
6000,108,61,6,7/6/2025,6
